TIMESTAMP,PREDICCION
16:19:02,Act22
16:19:03,Act22
16:19:04,Act22
16:19:05,Act22
16:19:06,Act22
16:19:07,Act22
16:19:08,Act22
16:19:09,Act22
16:19:10,Act22
16:19:11,Act22
16:19:12,Act22
16:19:13,Act22
16:19:14,Act22
16:19:15,Act22
16:19:16,Act22
16:19:17,Act22
16:19:18,Act22
16:19:19,Act22
16:19:20,Act22
16:19:21,Act22
16:19:22,Act22
16:19:23,Act22
16:19:24,Act22
16:19:25,Act22
16:19:26,Act22
16:19:27,Act22
16:19:28,Act22
16:19:29,Act22
16:19:30,Act22
16:19:31,Act22
16:19:32,Act22
16:19:33,Act22
16:19:34,Act22
16:19:35,Act22
16:19:36,Act22
16:19:37,Act22
16:19:38,Act22
16:19:39,Act22
16:19:40,Act22
16:19:41,Act22
16:19:42,Act22
16:19:43,Act22
16:19:44,Act22
16:19:45,Act22
16:19:46,Act22
16:19:47,Act22
16:19:48,Act22
16:19:49,Act22
16:19:50,Act22
16:19:51,Act22
16:19:52,Act22
16:19:53,Act22
16:19:54,Act22
16:19:55,Act22
16:19:56,Act22
16:19:57,Act22
16:19:58,Act22
16:19:59,Act22
16:20:00,Act22
16:20:01,Act22
16:20:02,Act22
16:20:03,Act22
16:20:04,Act22
16:20:05,Act22
16:20:06,Act22
16:20:07,Act22
16:20:08,Act22
16:20:09,Act22
16:20:10,Act22
16:20:11,Act22
16:20:12,Act22
16:20:13,Act22
16:20:14,Act22
16:20:15,Act22
16:20:16,Act22
16:20:17,Act22
16:20:18,Act22
16:20:19,Act22
16:20:20,Act22
16:20:21,Act22
16:20:22,Act22
16:20:23,Act22
16:20:24,Act22
16:20:25,Act22
16:20:26,Act22
16:20:27,Act22
16:20:28,Act22
16:20:29,Act22
16:20:30,Act22
16:20:31,Act22
16:20:32,Act22
16:20:33,Act22
16:20:34,Act22
16:20:35,Act22
16:20:36,Act22
16:20:37,Act22
16:20:38,Act22
16:20:39,Act22
16:20:40,Act22
16:20:41,Act22
16:20:42,Act22
16:20:43,Act22
16:20:44,Act22
16:20:45,Act22
16:20:46,Act22
16:20:47,Act22
16:20:48,Act22
16:20:49,Act22
16:20:50,Act22
16:20:51,Act22
16:20:52,Act22
16:20:53,Act22
16:20:54,Act22
16:20:55,Act22
16:20:56,Act22
16:20:57,Act22
16:20:58,Act22
16:20:59,Act22
16:21:00,Act22
16:21:01,Act22
16:21:02,Act22
16:21:03,Act22
16:21:04,Act22
16:21:05,Act22
16:21:06,Act22
16:21:07,Act22
16:21:08,Act22
16:21:09,Idle
16:21:10,Idle
16:21:11,Idle
16:21:12,Idle
16:21:13,Idle
16:21:14,Idle
16:21:15,Idle
16:21:16,Idle
16:21:17,Idle
16:21:18,Act22
16:21:19,Act22
16:21:20,Act22
16:21:21,Act22
16:21:22,Act22
16:21:23,Act22
16:21:24,Idle
16:21:25,Idle
16:21:26,Idle
16:21:27,Idle
16:21:28,Act22
16:21:29,Act22
16:21:30,Idle
16:21:31,Idle
16:21:32,Idle
16:21:33,Act22
16:21:34,Act22
16:21:35,Act22
16:21:36,Act22
16:21:37,Act22
16:21:38,Act22
16:21:39,Act22
16:21:40,Act22
16:21:41,Act22
16:21:42,Act22
16:21:43,Act22
16:21:44,Idle
16:21:45,Idle
16:21:46,Idle
16:21:47,Idle
16:21:48,Idle
16:21:49,Idle
16:21:50,Idle
16:21:51,Act22
16:21:52,Idle
16:21:53,Idle
16:21:54,Idle
16:21:55,Idle
16:21:56,Act22
16:21:57,Idle
16:21:58,Act22
16:21:59,Idle
16:22:00,Idle
16:22:01,Idle
16:22:02,Idle
16:22:03,Idle
16:22:04,Idle
16:22:05,Idle
16:22:06,Idle
16:22:07,Idle
16:22:08,Idle
16:22:09,Idle
16:22:10,Idle
16:22:11,Idle
16:22:12,Idle
16:22:13,Idle
16:22:14,Idle
16:22:15,Idle
16:22:16,Idle
16:22:17,Idle
16:22:18,Idle
16:22:19,Idle
16:22:20,Idle
16:22:21,Idle
16:22:22,Idle
16:22:23,Idle
16:22:24,Idle
16:22:25,Idle
16:22:26,Idle
16:22:27,Idle
16:22:28,Idle
16:22:29,Idle
16:22:30,Idle
16:22:31,Idle
16:22:32,Idle
16:22:33,Idle
16:22:34,Idle
16:22:35,Idle
16:22:36,Act22
16:22:37,Idle
16:22:38,Idle
16:22:39,Idle
16:22:40,Idle
16:22:41,Idle
16:22:42,Idle
16:22:43,Idle
16:22:44,Idle
16:22:45,Act22
16:22:46,Act22
16:22:47,Act22
16:22:48,Act22
16:22:49,Act22
16:22:50,Act11
16:22:51,Act11
16:22:52,Act11
16:22:53,Act11
16:22:54,Act11
16:22:55,Act11
16:22:56,Idle
16:22:57,Act11
16:22:58,Act11
16:22:59,Idle
16:23:00,Idle
16:23:01,Act11
16:23:02,Act11
16:23:03,Idle
16:23:04,Idle
16:23:05,Act11
16:23:06,Act11
16:23:07,Act11
16:23:08,Act11
16:23:09,Act11
16:23:10,Act11
16:23:11,Idle
16:23:12,Idle
16:23:13,Idle
16:23:14,Idle
16:23:15,Idle
16:23:16,Act11
16:23:17,Act11
16:23:18,Act11
16:23:19,Act11
16:23:20,Act11
16:23:21,Idle
16:23:22,Idle
16:23:23,Idle
16:23:24,Act11
16:23:25,Idle
16:23:26,Idle
16:23:27,Idle
16:23:28,Idle
16:23:29,Idle
16:23:30,Idle
16:23:31,Idle
16:23:32,Idle
16:23:33,Idle
16:23:34,Act11
16:23:35,Act22
16:23:36,Act22
16:23:37,Idle
16:23:38,Idle
16:23:39,Idle
16:23:40,Idle
16:23:41,Act22
16:23:42,Idle
16:23:43,Idle
16:23:44,Idle
16:23:45,Idle
16:23:46,Idle
16:23:47,Idle
16:23:48,Idle
16:23:49,Idle
16:23:50,Idle
16:23:51,Idle
16:23:52,Idle
16:23:53,Idle
16:23:54,Idle
16:23:55,Idle
16:23:56,Act17
16:23:57,Idle
16:23:58,Idle
16:23:59,Idle
16:24:00,Act22
16:24:01,Act22
16:24:02,Act22
16:24:03,Act22
16:24:04,Idle
16:24:05,Idle
16:24:06,Idle
16:24:07,Idle
16:24:08,Idle
16:24:09,Idle
16:24:10,Idle
16:24:11,Idle
16:24:12,Idle
16:24:13,Idle
16:24:14,Idle
16:24:15,Idle
16:24:16,Idle
16:24:17,Idle
16:24:18,Idle
16:24:19,Idle
16:24:20,Idle
16:24:21,Idle
16:24:22,Idle
16:24:23,Idle
16:24:24,Idle
16:24:25,Idle
16:24:26,Idle
16:24:27,Act22
16:24:28,Idle
16:24:29,Idle
16:24:30,Idle
16:24:31,Act22
16:24:32,Idle
16:24:33,Idle
16:24:34,Idle
16:24:35,Idle
16:24:36,Act22
16:24:37,Idle
16:24:38,Act22
16:24:39,Act22
16:24:40,Act22
16:24:41,Act22
16:24:42,Act22
16:24:43,Act22
16:24:44,Act22
16:24:45,Act22
16:24:46,Act22
16:24:47,Act22
16:24:48,Idle
16:24:49,Idle
16:24:50,Idle
16:24:51,Idle
16:24:52,Idle
16:24:53,Idle
16:24:54,Idle
16:24:55,Idle
16:24:56,Idle
16:24:57,Idle
16:24:58,Idle
16:24:59,Idle
16:25:00,Idle
16:25:01,Idle
16:25:02,Idle
16:25:03,Idle
16:25:04,Idle
16:25:05,Idle
16:25:06,Act22
16:25:07,Act22
16:25:08,Act22
16:25:09,Act22
16:25:10,Act22
16:25:11,Idle
16:25:12,Act22
16:25:13,Act22
16:25:14,Act22
16:25:15,Act22
16:25:16,Act22
16:25:17,Idle
16:25:18,Idle
16:25:19,Idle
16:25:20,Idle
16:25:21,Idle
16:25:22,Idle
16:25:23,Idle
16:25:24,Act22
16:25:25,Act22
16:25:26,Act22
16:25:27,Act22
16:25:28,Act22
16:25:29,Act22
16:25:30,Act22
16:25:31,Act22
16:25:32,Act22
16:25:33,Act22
16:25:34,Act22
16:25:35,Act22
16:25:36,Act22
16:25:37,Act22
16:25:38,Act22
16:25:39,Act22
16:25:40,Act22
16:25:41,Act22
16:25:42,Act22
16:25:43,Act22
16:25:44,Act22
16:25:45,Act22
16:25:46,Act22
16:25:47,Idle
16:25:48,Idle
16:25:49,Act22
16:25:50,Idle
16:25:51,Idle
16:25:52,Act22
16:25:53,Act22
16:25:54,Act22
16:25:55,Act22
16:25:56,Act22
16:25:57,Act22
16:25:58,Idle
16:25:59,Idle
16:26:00,Act22
16:26:01,Act22
16:26:02,Act22
16:26:03,Act22
16:26:04,Idle
16:26:05,Idle
16:26:06,Act22
16:26:07,Act11
16:26:08,Act11
16:26:09,Act11
16:26:10,Act11
16:26:11,Act11
16:26:12,Act11
16:26:13,Act11
16:26:14,Act11
16:26:15,Act11
16:26:16,Act11
16:26:17,Act11
16:26:18,Act11
16:26:19,Act11
16:26:20,Act11
16:26:21,Act11
16:26:22,Act11
16:26:23,Act11
16:26:24,Act11
16:26:25,Act11
16:26:26,Act11
16:26:27,Act11
16:26:28,Act11
16:26:29,Act11
16:26:30,Act11
16:26:31,Act11
16:26:32,Act11
16:26:33,Act11
16:26:34,Act11
16:26:35,Act11
16:26:36,Act11
16:26:37,Act11
16:26:38,Act11
16:26:39,Act11
16:26:40,Act11
16:26:41,Act11
16:26:42,Act11
16:26:43,Act11
16:26:44,Act11
16:26:45,Act11
16:26:46,Act11
16:26:47,Act11
16:26:48,Act11
16:26:49,Act11
16:26:50,Act11
16:26:51,Act11
16:26:52,Act11
16:26:53,Act11
16:26:54,Act11
16:26:55,Act22
16:26:56,Act22
16:26:57,Act22
16:26:58,Act22
16:26:59,Act22
16:27:00,Act22
16:27:01,Act22
16:27:02,Act22
16:27:03,Act22
16:27:04,Act22
16:27:05,Act11
16:27:06,Act11
16:27:07,Act11
16:27:08,Act11
16:27:09,Act11
16:27:10,Act11
16:27:11,Act11
16:27:12,Act11
16:27:13,Act11
16:27:14,Act11
16:27:15,Act11
16:27:16,Act11
16:27:17,Act11
16:27:18,Act11
16:27:19,Act11
16:27:20,Act11
16:27:21,Act11
16:27:22,Act11
16:27:23,Act11
16:27:24,Act11
16:27:25,Act11
16:27:26,Act11
16:27:27,Act11
16:27:28,Act11
16:27:29,Act11
16:27:30,Act11
16:27:31,Act11
16:27:32,Act11
16:27:33,Act11
16:27:34,Act11
16:27:35,Act11
16:27:36,Act11
16:27:37,Act11
16:27:38,Act11
16:27:39,Act11
16:27:40,Act11
16:27:41,Act11
16:27:42,Act11
16:27:43,Act11
16:27:44,Act11
16:27:45,Act11
16:27:46,Act11
16:27:47,Act11
16:27:48,Act11
16:27:49,Act11
16:27:50,Act11
16:27:51,Act11
16:27:52,Act11
16:27:53,Act11
16:27:54,Act11
16:27:55,Act11
16:27:56,Act11
16:27:57,Act11
16:27:58,Act11
16:27:59,Act11
16:28:00,Act11
16:28:01,Act11
16:28:02,Act11
16:28:03,Act11
16:28:04,Act11
16:28:05,Act11
16:28:06,Act11
16:28:07,Act11
16:28:08,Act11
16:28:09,Act11
16:28:10,Act11
16:28:11,Act11
16:28:12,Act11
16:28:13,Act11
16:28:14,Act11
16:28:15,Act11
16:28:16,Act11
16:28:17,Act11
16:28:18,Act11
16:28:19,Act11
16:28:20,Act11
16:28:21,Act11
16:28:22,Act11
16:28:23,Act11
16:28:24,Act11
16:28:25,Act11
16:28:26,Act11
16:28:27,Act11
16:28:28,Act11
16:28:29,Act11
16:28:30,Act11
16:28:31,Act11
16:28:32,Act11
16:28:33,Act11
16:28:34,Act11
16:28:35,Act11
16:28:36,Act11
16:28:37,Act11
16:28:38,Act11
16:28:39,Act11
16:28:40,Act11
16:28:41,Act11
16:28:42,Act11
16:28:43,Act11
16:28:44,Act11
16:28:45,Act11
16:28:46,Act11
16:28:47,Act11
16:28:48,Act11
16:28:49,Act11
16:28:50,Act22
16:28:51,Act22
16:28:52,Act22
16:28:53,Act22
16:28:54,Act22
16:28:55,Act22
16:28:56,Act22
16:28:57,Act22
16:28:58,Act22
16:28:59,Act22
16:29:00,Act22
16:29:01,Act22
16:29:02,Act22
16:29:03,Act22
16:29:04,Act22
16:29:05,Act11
16:29:06,Act11
16:29:07,Act11
16:29:08,Act11
16:29:09,Act11
16:29:10,Act11
16:29:11,Act11
16:29:12,Act11
16:29:13,Act11
16:29:14,Act11
16:29:15,Act11
16:29:16,Act11
16:29:17,Act11
16:29:18,Act11
16:29:19,Act11
16:29:20,Act11
16:29:21,Act11
16:29:22,Act11
16:29:23,Act11
16:29:24,Act11
16:29:25,Act11
16:29:26,Act11
16:29:27,Act11
16:29:28,Act11
16:29:29,Act11
16:29:30,Act11
16:29:31,Act11
16:29:32,Act11
16:29:33,Act11
16:29:34,Act11
16:29:35,Act11
16:29:36,Act11
16:29:37,Act11
16:29:38,Act11
16:29:39,Act11
16:29:40,Act11
16:29:41,Act11
16:29:42,Act11
16:29:43,Act11
16:29:44,Act11
16:29:45,Act11
16:29:46,Act11
16:29:47,Act11
16:29:48,Act11
16:29:49,Act11
16:29:50,Act11
16:29:51,Act11
16:29:52,Act11
16:29:53,Act11
16:29:54,Act11
16:29:55,Act11
16:29:56,Act11
16:29:57,Act11
16:29:58,Act11
16:29:59,Act11
16:30:00,Act11
16:30:01,Act11
16:30:02,Act11
16:30:03,Act11
16:30:04,Act11
16:30:05,Act11
16:30:06,Act11
16:30:07,Act11
16:30:08,Act11
16:30:09,Act11
16:30:10,Act11
16:30:11,Act11
16:30:12,Act11
16:30:13,Act11
16:30:14,Act11
16:30:15,Act11
16:30:16,Act11
16:30:17,Act11
16:30:18,Act11
16:30:19,Act11
16:30:20,Act11
16:30:21,Act11
16:30:22,Act11
16:30:23,Act11
16:30:24,Act11
16:30:25,Act11
16:30:26,Act11
16:30:27,Act11
16:30:28,Act11
16:30:29,Act11
16:30:30,Act11
16:30:31,Act11
16:30:32,Act11
16:30:33,Act11
16:30:34,Act11
16:30:35,Act11
16:30:36,Act11
16:30:37,Act11
16:30:38,Act11
16:30:39,Act11
16:30:40,Act11
16:30:41,Act11
16:30:42,Act11
16:30:43,Act11
16:30:44,Act11
16:30:45,Act11
16:30:46,Act11
16:30:47,Act11
16:30:48,Act11
16:30:49,Act11
16:30:50,Act11
16:30:51,Act11
16:30:52,Act11
16:30:53,Act11
16:30:54,Act11
16:30:55,Act11
16:30:56,Act11
16:30:57,Act11
16:30:58,Act11
16:30:59,Act11
16:31:00,Act11
16:31:01,Act11
16:31:02,Act11
16:31:03,Act11
16:31:04,Act11
16:31:05,Act11
16:31:06,Act11
16:31:07,Act11
16:31:08,Act11
16:31:09,Act11
16:31:10,Act11
16:31:11,Act11
16:31:12,Act11
16:31:13,Act11
16:31:14,Act11
16:31:15,Act11
16:31:16,Act11
16:31:17,Act11
16:31:18,Act11
16:31:19,Act11
16:31:20,Act22
16:31:21,Act22
16:31:22,Act22
16:31:23,Act22
16:31:24,Act22
16:31:25,Act22
16:31:26,Act22
16:31:27,Act22
16:31:28,Act22
16:31:29,Act22
16:31:30,Act22
16:31:31,Act22
16:31:32,Idle
16:31:33,Idle
16:31:34,Idle
16:31:35,Idle
16:31:36,Idle
16:31:37,Idle
16:31:38,Act23
16:31:39,Act22
16:31:40,Idle
16:31:41,Idle
16:31:42,Act22
16:31:43,Act22
16:31:44,Idle
16:31:45,Idle
16:31:46,Idle
16:31:47,Idle
16:31:48,Idle
16:31:49,Act22
16:31:50,Idle
16:31:51,Idle
16:31:52,Idle
16:31:53,Idle
16:31:54,Idle
16:31:55,Idle
16:31:56,Idle
16:31:57,Idle
16:31:58,Idle
16:31:59,Idle
16:32:00,Idle
16:32:01,Idle
16:32:02,Idle
16:32:03,Idle
16:32:04,Idle
16:32:05,Idle
16:32:06,Idle
16:32:07,Idle
16:32:08,Idle
16:32:09,Idle
16:32:10,Idle
16:32:11,Idle
16:32:12,Idle
16:32:13,Idle
16:32:14,Idle
16:32:15,Idle
16:32:16,Idle
16:32:17,Idle
16:32:18,Idle
16:32:19,Act22
16:32:20,Act22
16:32:21,Act22
16:32:22,Act22
16:32:23,Idle
16:32:24,Act22
16:32:25,Act22
16:32:26,Act22
16:32:27,Idle
16:32:28,Idle
16:32:29,Idle
16:32:30,Act22
16:32:31,Idle
16:32:32,Idle
16:32:33,Idle
16:32:34,Idle
16:32:35,Idle
16:32:36,Idle
16:32:37,Idle
16:32:38,Idle
16:32:39,Idle
16:32:40,Idle
16:32:41,Idle
16:32:42,Idle
16:32:43,Idle
16:32:44,Idle
16:32:45,Idle
16:32:46,Idle
16:32:47,Idle
16:32:48,Idle
16:32:49,Idle
16:32:50,Idle
16:32:51,Idle
16:32:52,Act11
16:32:53,Idle
16:32:54,Idle
16:32:55,Idle
16:32:56,Act11
16:32:57,Act11
16:32:58,Idle
16:32:59,Idle
16:33:00,Idle
16:33:01,Idle
16:33:02,Idle
16:33:03,Idle
16:33:04,Idle
16:33:05,Idle
16:33:06,Idle
16:33:07,Idle
16:33:08,Act11
16:33:09,Idle
16:33:10,Act11
16:33:11,Idle
16:33:12,Act11
16:33:13,Idle
16:33:14,Act11
16:33:15,Act11
16:33:16,Idle
16:33:17,Act11
16:33:18,Act11
16:33:19,Act11
16:33:20,Idle
16:33:21,Idle
16:33:22,Idle
16:33:23,Idle
16:33:24,Idle
16:33:25,Idle
16:33:26,Idle
16:33:27,Idle
16:33:28,Act11
16:33:29,Idle
16:33:30,Idle
16:33:31,Idle
16:33:32,Idle
16:33:33,Act11
16:33:34,Idle
16:33:35,Idle
16:33:36,Idle
16:33:37,Idle
16:33:38,Idle
16:33:39,Idle
16:33:40,Idle
16:33:41,Idle
16:33:42,Idle
16:33:43,Idle
16:33:44,Idle
16:33:45,Idle
16:33:46,Idle
16:33:47,Idle
16:33:48,Idle
16:33:49,Idle
16:33:50,Idle
16:33:51,Idle
16:33:52,Idle
16:33:53,Idle
16:33:54,Idle
16:33:55,Idle
16:33:56,Idle
16:33:57,Act11
16:33:58,Idle
16:33:59,Idle
16:34:00,Act11
16:34:01,Act11
16:34:02,Act11
16:34:03,Idle
16:34:04,Act11
16:34:05,Act11
16:34:06,Act11
16:34:07,Act11
16:34:08,Act11
16:34:09,Idle
16:34:10,Idle
16:34:11,Idle
16:34:12,Idle
16:34:13,Idle
16:34:14,Idle
16:34:15,Idle
16:34:16,Idle
16:34:17,Idle
16:34:18,Idle
16:34:19,Idle
16:34:20,Idle
16:34:21,Idle
16:34:22,Idle
16:34:23,Idle
16:34:24,Idle
16:34:25,Act11
16:34:26,Idle
16:34:27,Idle
16:34:28,Idle
16:34:29,Act11
16:34:30,Act11
16:34:31,Act11
16:34:32,Act11
16:34:33,Act11
16:34:34,Idle
16:34:35,Idle
16:34:36,Act11
16:34:37,Act11
16:34:38,Act11
16:34:39,Act11
16:34:40,Act11
16:34:41,Act11
16:34:42,Act11
16:34:43,Act11
16:34:44,Act11
16:34:45,Act11
16:34:46,Act11
16:34:47,Act11
16:34:48,Idle
16:34:49,Idle
16:34:50,Idle
16:34:51,Idle
16:34:52,Act11
16:34:53,Act11
16:34:54,Act11
16:34:55,Act11
16:34:56,Act11
16:34:57,Act11
16:34:58,Act11
16:34:59,Act11
16:35:00,Act11
16:35:01,Act11
16:35:02,Act11
16:35:03,Idle
16:35:04,Act11
16:35:05,Act11
16:35:06,Act11
16:35:07,Act11
16:35:08,Idle
16:35:09,Idle
16:35:10,Idle
16:35:11,Idle
16:35:12,Act11
16:35:13,Act11
16:35:14,Act11
16:35:15,Act11
16:35:16,Act11
16:35:17,Act11
16:35:18,Idle
16:35:19,Idle
16:35:20,Idle
16:35:21,Act11
16:35:22,Act11
16:35:23,Act11
16:35:24,Act11
16:35:25,Act11
16:35:26,Idle
16:35:27,Idle
16:35:28,Idle
16:35:29,Idle
16:35:30,Idle
16:35:31,Idle
16:35:32,Idle
16:35:33,Idle
16:35:34,Idle
16:35:35,Idle
16:35:36,Act17
16:35:37,Act17
16:35:38,Idle
16:35:39,Act17
16:35:40,Act17
16:35:41,Act11
16:35:42,Act11
16:35:43,Act11
16:35:44,Idle
16:35:45,Act17
16:35:46,Act17
16:35:47,Act11
16:35:48,Idle
16:35:49,Idle
16:35:50,Act17
16:35:51,Act17
16:35:52,Act17
16:35:53,Act17
16:35:54,Act17
16:35:55,Act17
16:35:56,Act17
16:35:57,Act17
16:35:58,Idle
16:35:59,Act23
16:36:00,Act23
16:36:01,Idle
16:36:02,Idle
16:36:03,Idle
16:36:04,Idle
16:36:05,Act23
16:36:06,Idle
16:36:07,Act23
16:36:08,Act23
16:36:09,Act23
16:36:10,Act23
16:36:11,Idle
16:36:12,Idle
16:36:13,Act17
16:36:14,Act17
16:36:15,Act23
16:36:16,Act23
16:36:17,Act23
16:36:18,Idle
16:36:19,Act17
16:36:20,Act17
16:36:21,Act17
16:36:22,Act17
16:36:23,Act17
16:36:24,Act17
16:36:25,Idle
16:36:26,Idle
16:36:27,Idle
16:36:28,Act11
16:36:29,Act17
16:36:30,Act11
16:36:31,Act11
16:36:32,Act17
16:36:33,Act22
16:36:34,Idle
16:36:35,Act17
16:36:36,Act17
16:36:37,Act17
16:36:38,Act17
16:36:39,Act17
16:36:40,Act17
16:36:41,Act17
16:36:42,Act17
16:36:43,Act11
16:36:44,Act11
16:36:45,Act11
16:36:46,Act11
16:36:47,Act17
16:36:48,Act11
16:36:49,Act11
16:36:50,Act11
16:36:51,Act17
16:36:52,Act11
16:36:53,Act17
16:36:54,Act17
16:36:55,Act17
16:36:56,Act17
16:36:57,Act17
16:36:58,Act17
16:36:59,Idle
16:37:00,Act11
16:37:01,Act11
16:37:02,Act11
16:37:03,Act17
16:37:04,Act17
16:37:05,Act17
16:37:06,Act17
16:37:07,Act17
16:37:08,Act17
16:37:09,Idle
16:37:10,Idle
16:37:11,Idle
16:37:12,Act17
16:37:13,Act17
16:37:14,Act17
16:37:15,Act17
16:37:16,Act11
16:37:17,Act11
16:37:18,Act23
16:37:19,Act23
16:37:20,Act23
16:37:21,Act23
16:37:22,Act23
16:37:23,Act23
16:37:24,Act23
16:37:25,Act17
16:37:26,Act17
16:37:27,Act17
16:37:28,Act17
16:37:29,Act17
16:37:30,Act17
16:37:31,Act17
16:37:32,Act17
16:37:33,Act17
16:37:34,Act07
16:37:35,Act07
16:37:36,Act07
16:37:37,Act07
16:37:38,Act07
16:37:39,Act07
16:37:40,Act07
16:37:41,Act07
16:37:42,Act07
16:37:43,Act07
16:37:44,Act07
16:37:45,Act07
16:37:46,Act07
16:37:47,Act07
16:37:48,Act07
16:37:49,Act07
16:37:50,Act07
16:37:51,Act07
16:37:52,Act07
16:37:53,Act07
16:37:54,Act07
16:37:55,Act07
16:37:56,Act07
16:37:57,Act07
16:37:58,Act07
16:37:59,Act07
16:38:00,Act07
16:38:01,Act07
16:38:02,Act07
16:38:03,Act07
16:38:04,Act07
16:38:05,Act07
16:38:06,Act07
16:38:07,Act07
16:38:08,Act07
16:38:09,Act07
16:38:10,Act07
16:38:11,Act07
16:38:12,Act07
16:38:13,Act07
16:38:14,Act07
16:38:15,Act07
16:38:16,Act07
16:38:17,Act07
16:38:18,Act07
16:38:19,Act07
16:38:20,Act07
16:38:21,Act07
16:38:22,Act07
16:38:23,Act07
16:38:24,Act07
16:38:25,Act07
16:38:26,Act07
16:38:27,Act07
16:38:28,Act07
16:38:29,Act07
16:38:30,Act07
16:38:31,Act07
16:38:32,Act07
16:38:33,Act07
16:38:34,Act07
16:38:35,Act07
16:38:36,Act07
16:38:37,Act07
16:38:38,Act07
16:38:39,Act07
16:38:40,Act07
16:38:41,Act07
16:38:42,Act07
16:38:43,Act17
16:38:44,Act17
16:38:45,Act17
16:38:46,Act17
16:38:47,Act17
16:38:48,Act17
16:38:49,Act17
16:38:50,Act17
16:38:51,Act17
16:38:52,Act17
16:38:53,Act17
16:38:54,Act07
16:38:55,Act07
16:38:56,Act07
16:38:57,Act07
16:38:58,Act07
16:38:59,Act07
16:39:00,Act07
16:39:01,Act07
16:39:02,Act07
16:39:03,Act07
16:39:04,Act07
16:39:05,Act07
16:39:06,Act07
16:39:07,Act07
16:39:08,Act07
16:39:09,Act07
16:39:10,Act07
16:39:11,Act07
16:39:12,Act07
16:39:13,Act07
16:39:14,Act07
16:39:15,Act07
16:39:16,Act07
16:39:17,Act07
16:39:18,Act07
16:39:19,Act07
16:39:20,Act07
16:39:21,Act07
16:39:22,Act07
16:39:23,Act07
16:39:24,Act07
16:39:25,Act07
16:39:26,Act07
16:39:27,Act07
16:39:28,Act07
16:39:29,Act07
16:39:30,Act07
16:39:31,Act07
16:39:32,Act07
16:39:33,Act07
16:39:34,Act07
16:39:35,Act07
16:39:36,Act07
16:39:37,Act07
16:39:38,Act07
16:39:39,Act07
16:39:40,Act07
16:39:41,Act07
16:39:42,Act07
16:39:43,Act07
16:39:44,Act07
16:39:45,Act07
16:39:46,Act07
16:39:47,Act07
16:39:48,Act07
16:39:49,Act07
16:39:50,Act07
16:39:51,Act07
16:39:52,Act07
16:39:53,Act07
16:39:54,Act07
16:39:55,Act07
16:39:56,Act07
16:39:57,Act07
16:39:58,Act07
16:39:59,Act07
16:40:00,Act07
16:40:01,Act07
16:40:02,Act07
16:40:03,Act07
16:40:04,Act07
16:40:05,Act07
16:40:06,Act07
16:40:07,Act07
16:40:08,Act07
16:40:09,Act07
16:40:10,Act07
16:40:11,Act07
16:40:12,Act07
16:40:13,Act07
16:40:14,Act07
16:40:15,Act07
16:40:16,Act07
16:40:17,Act07
16:40:18,Act07
16:40:19,Act07
16:40:20,Act07
16:40:21,Act07
16:40:22,Act07
16:40:23,Act07
16:40:24,Act07
16:40:25,Act07
16:40:26,Act07
16:40:27,Act07
16:40:28,Act07
16:40:29,Act07
16:40:30,Act07
16:40:31,Act07
16:40:32,Act07
16:40:33,Act07
16:40:34,Act07
16:40:35,Act07
16:40:36,Act07
16:40:37,Act07
16:40:38,Act07
16:40:39,Act07
16:40:40,Act07
16:40:41,Act07
16:40:42,Act07
16:40:43,Act07
16:40:44,Act07
16:40:45,Act07
16:40:46,Act07
16:40:47,Act07
16:40:48,Act07
16:40:49,Act07
16:40:50,Act07
16:40:51,Act07
16:40:52,Act07
16:40:53,Act07
16:40:54,Act07
16:40:55,Act07
16:40:56,Act07
16:40:57,Act07
16:40:58,Act07
16:40:59,Act07
16:41:00,Act07
16:41:01,Act07
16:41:02,Act07
16:41:03,Act07
16:41:04,Act07
16:41:05,Act07
16:41:06,Act07
16:41:07,Act07
16:41:08,Act07
16:41:09,Act07
16:41:10,Act07
16:41:11,Act07
16:41:12,Act07
16:41:13,Act07
16:41:14,Act07
16:41:15,Act07
16:41:16,Act07
16:41:17,Act07
16:41:18,Act07
16:41:19,Act07
16:41:20,Act07
16:41:21,Act07
16:41:22,Act07
16:41:23,Act07
16:41:24,Act07
16:41:25,Act07
16:41:26,Act07
16:41:27,Act07
16:41:28,Act07
16:41:29,Act07
16:41:30,Act07
16:41:31,Act07
16:41:32,Act07
16:41:33,Act07
16:41:34,Act07
16:41:35,Act07
16:41:36,Act07
16:41:37,Act07
16:41:38,Act07
16:41:39,Act07
16:41:40,Act07
16:41:41,Act07
16:41:42,Act07
16:41:43,Act07
16:41:44,Act07
16:41:45,Act07
16:41:46,Act07
16:41:47,Act07
16:41:48,Act07
16:41:49,Act07
16:41:50,Act07
16:41:51,Act07
16:41:52,Act07
16:41:53,Act07
16:41:54,Act07
16:41:55,Act07
16:41:56,Act17
16:41:57,Act17
16:41:58,Act17
16:41:59,Act17
16:42:00,Act17
16:42:01,Act17
16:42:02,Act17
16:42:03,Act17
16:42:04,Act17
16:42:05,Act17
16:42:06,Act23
16:42:07,Idle
16:42:08,Act11
16:42:09,Idle
16:42:10,Act17
16:42:11,Idle
16:42:12,Act17
16:42:13,Act17
16:42:14,Act11
16:42:15,Idle
16:42:16,Act11
16:42:17,Idle
16:42:18,Act18
16:42:19,Act04
16:42:20,Idle
16:42:21,Idle
16:42:22,Idle
16:42:23,Act04
16:42:24,Act04
16:42:25,Act04
16:42:26,Act04
16:42:27,Act04
16:42:28,Act04
16:42:29,Act04
16:42:30,Act04
16:42:31,Act04
16:42:32,Act04
16:42:33,Act04
16:42:34,Act04
16:42:35,Act04
16:42:36,Act04
16:42:37,Act04
16:42:38,Act04
16:42:39,Act17
16:42:40,Act17
16:42:41,Act17
16:42:42,Act07
16:42:43,Act07
16:42:44,Act07
16:42:45,Act07
16:42:46,Act07
16:42:47,Act07
16:42:48,Act07
16:42:49,Act07
16:42:50,Act07
16:42:51,Act07
16:42:52,Act07
16:42:53,Act07
16:42:54,Act07
16:42:55,Act07
16:42:56,Act04
16:42:57,Act18
16:42:58,Act18
16:42:59,Act18
16:43:00,Act18
16:43:01,Act18
16:43:02,Act18
16:43:03,Act18
16:43:04,Act04
16:43:05,Act04
16:43:06,Act04
16:43:07,Act04
16:43:08,Act04
16:43:09,Act04
16:43:10,Act04
16:43:11,Act18
16:43:12,Act04
16:43:13,Idle
16:43:14,Idle
16:43:15,Idle
16:43:16,Idle
16:43:17,Act17
16:43:18,Act17
16:43:19,Act17
16:43:20,Act17
16:43:21,Act17
16:43:22,Act17
16:43:23,Act17
16:43:24,Act11
16:43:25,Act11
16:43:26,Act11
16:43:27,Idle
16:43:28,Act23
16:43:29,Act23
16:43:30,Act23
16:43:31,Act23
16:43:32,Act23
16:43:33,Act17
16:43:34,Act17
16:43:35,Act17
16:43:36,Act17
16:43:37,Act07
16:43:38,Act07
16:43:39,Act07
16:43:40,Act07
16:43:41,Act07
16:43:42,Act07
16:43:43,Act07
16:43:44,Act07
16:43:45,Act07
16:43:46,Act07
16:43:47,Act07
16:43:48,Act07
16:43:49,Act07
16:43:50,Act07
16:43:51,Act07
16:43:52,Act07
16:43:53,Act07
16:43:54,Act07
16:43:55,Act07
16:43:56,Act07
16:43:57,Act07
16:43:58,Act07
16:43:59,Act07
16:44:00,Act07
16:44:01,Act07
16:44:02,Act07
16:44:03,Act07
16:44:04,Act07
16:44:05,Act07
16:44:06,Act07
16:44:07,Act07
16:44:08,Act07
16:44:09,Act07
16:44:10,Act07
16:44:11,Act07
16:44:12,Act07
16:44:13,Act07
16:44:14,Act07
16:44:15,Act07
16:44:16,Act07
16:44:17,Act07
16:44:18,Act07
16:44:19,Act07
16:44:20,Act07
16:44:21,Act07
16:44:22,Act07
16:44:23,Act07
16:44:24,Act07
16:44:25,Act07
16:44:26,Act07
16:44:27,Act07
16:44:28,Act07
16:44:29,Act07
16:44:30,Act07
16:44:31,Act07
16:44:32,Act07
16:44:33,Act07
16:44:34,Act07
16:44:35,Act07
16:44:36,Act07
16:44:37,Act07
16:44:38,Act07
16:44:39,Act07
16:44:40,Act07
16:44:41,Act07
16:44:42,Act07
16:44:43,Act07
16:44:44,Act07
16:44:45,Act07
16:44:46,Act07
16:44:47,Act07
16:44:48,Act07
16:44:49,Act07
16:44:50,Act07
16:44:51,Act07
16:44:52,Act07
16:44:53,Act07
16:44:54,Act07
16:44:55,Act07
16:44:56,Act07
16:44:57,Act07
16:44:58,Act07
16:44:59,Act07
16:45:00,Act07
16:45:01,Act07
16:45:02,Act07
16:45:03,Act07
16:45:04,Act07
16:45:05,Act07
16:45:06,Act07
16:45:07,Act07
16:45:08,Act07
16:45:09,Act07
16:45:10,Act07
16:45:11,Act07
16:45:12,Act07
16:45:13,Act07
16:45:14,Act07
16:45:15,Act07
16:45:16,Act07
16:45:17,Act07
16:45:18,Act07
16:45:19,Act07
16:45:20,Act07
16:45:21,Act07
16:45:22,Act07
16:45:23,Act07
16:45:24,Act07
16:45:25,Act07
16:45:26,Act07
16:45:27,Act07
16:45:28,Act07
16:45:29,Act07
16:45:30,Act07
16:45:31,Act07
16:45:32,Act07
16:45:33,Act07
16:45:34,Act07
16:45:35,Act07
16:45:36,Act07
16:45:37,Act07
16:45:38,Act07
16:45:39,Act07
16:45:40,Act07
16:45:41,Act07
16:45:42,Act07
16:45:43,Act07
16:45:44,Act07
16:45:45,Act07
16:45:46,Act07
16:45:47,Act07
16:45:48,Act07
16:45:49,Act07
16:45:50,Act07
16:45:51,Act07
16:45:52,Act07
16:45:53,Act07
16:45:54,Act07
16:45:55,Act07
16:45:56,Act07
16:45:57,Act07
16:45:58,Act07
16:45:59,Act07
16:46:00,Act07
16:46:01,Act07
16:46:02,Act07
16:46:03,Act07
16:46:04,Act07
16:46:05,Act07
16:46:06,Act07
16:46:07,Act07
16:46:08,Act07
16:46:09,Act07
16:46:10,Act07
16:46:11,Act07
16:46:12,Act07
16:46:13,Act07
16:46:14,Act07
16:46:15,Act07
16:46:16,Act07
16:46:17,Act07
16:46:18,Act07
16:46:19,Act07
16:46:20,Act07
16:46:21,Act07
16:46:22,Act07
16:46:23,Act07
16:46:24,Act07
16:46:25,Act07
16:46:26,Act07
16:46:27,Act07
16:46:28,Act07
16:46:29,Act07
16:46:30,Act07
16:46:31,Act07
16:46:32,Act07
16:46:33,Act07
16:46:34,Act07
16:46:35,Act07
16:46:36,Act07
16:46:37,Act07
16:46:38,Act07
16:46:39,Act07
16:46:40,Act07
16:46:41,Act07
16:46:42,Act07
16:46:43,Act07
16:46:44,Act07
16:46:45,Act07
16:46:46,Act07
16:46:47,Act07
16:46:48,Act07
16:46:49,Act07
16:46:50,Act07
16:46:51,Act07
16:46:52,Act07
16:46:53,Act07
16:46:54,Act07
16:46:55,Act07
16:46:56,Act07
16:46:57,Act07
16:46:58,Act07
16:46:59,Act07
16:47:00,Act07
16:47:01,Act07
16:47:02,Act07
16:47:03,Act07
16:47:04,Act07
16:47:05,Act07
16:47:06,Act07
16:47:07,Act07
16:47:08,Act07
16:47:09,Act07
16:47:10,Act07
16:47:11,Act07
16:47:12,Act07
16:47:13,Act07
16:47:14,Act07
16:47:15,Act07
16:47:16,Act07
16:47:17,Act07
16:47:18,Act07
16:47:19,Act07
16:47:20,Act07
16:47:21,Act07
16:47:22,Act07
16:47:23,Act07
16:47:24,Act07
16:47:25,Act07
16:47:26,Act07
16:47:27,Act07
16:47:28,Act07
16:47:29,Act17
16:47:30,Act17
16:47:31,Act17
16:47:32,Idle
16:47:33,Idle
16:47:34,Act17
16:47:35,Act17
16:47:36,Act17
16:47:37,Act17
16:47:38,Act17
16:47:39,Idle
16:47:40,Act17
16:47:41,Act17
16:47:42,Act17
16:47:43,Act17
16:47:44,Act17
16:47:45,Act17
16:47:46,Act17
16:47:47,Act17
16:47:48,Act17
16:47:49,Act17
16:47:50,Act11
16:47:51,Act17
16:47:52,Act22
16:47:53,Act17
16:47:54,Act17
16:47:55,Act22
16:47:56,Act07
16:47:57,Act17
16:47:58,Act07
16:47:59,Act22
16:48:00,Act07
16:48:01,Act22
16:48:02,Act22
16:48:03,Act22
16:48:04,Act22
16:48:05,Act22
16:48:06,Act22
16:48:07,Act22
16:48:08,Act22
16:48:09,Act22
16:48:10,Act22
16:48:11,Act22
16:48:12,Act22
16:48:13,Act22
16:48:14,Act22
16:48:15,Act07
16:48:16,Act22
16:48:17,Act22
16:48:18,Act07
16:48:19,Act22
16:48:20,Act07
16:48:21,Act22
16:48:22,Act07
16:48:23,Act07
16:48:24,Act07
16:48:25,Act07
16:48:26,Act07
16:48:27,Act07
16:48:28,Act07
16:48:29,Act22
16:48:30,Act07
16:48:31,Act22
16:48:32,Act07
16:48:33,Act07
16:48:34,Act07
16:48:35,Act22
16:48:36,Act07
16:48:37,Act07
16:48:38,Act07
16:48:39,Act22
16:48:40,Act22
16:48:41,Act22
16:48:42,Act22
16:48:43,Act07
16:48:44,Act07
16:48:45,Act07
16:48:46,Act07
16:48:47,Act07
16:48:48,Act07
16:48:49,Act07
16:48:50,Act22
16:48:51,Act22
16:48:52,Act22
16:48:53,Act22
16:48:54,Act22
16:48:55,Act07
16:48:56,Act22
16:48:57,Act22
16:48:58,Act22
16:48:59,Act07
16:49:00,Act22
16:49:01,Act22
16:49:02,Act07
16:49:03,Act07
16:49:04,Act22
16:49:05,Act22
16:49:06,Act22
16:49:07,Act22
16:49:08,Act22
16:49:09,Act22
16:49:10,Act22
16:49:11,Act22
16:49:12,Act22
16:49:13,Act22
16:49:14,Act22
16:49:15,Act22
16:49:16,Act22
16:49:17,Act22
16:49:18,Act22
16:49:19,Act07
16:49:20,Act07
16:49:21,Act07
16:49:22,Act07
16:49:23,Act22
16:49:24,Act07
16:49:25,Act22
16:49:26,Act22
16:49:27,Act22
16:49:28,Idle
16:49:29,Idle
16:49:30,Idle
16:49:31,Idle
16:49:32,Idle
16:49:33,Idle
16:49:34,Idle
16:49:35,Idle
16:49:36,Idle
16:49:37,Idle
16:49:38,Idle
16:49:39,Idle
16:49:40,Act07
16:49:41,Act07
16:49:42,Act07
16:49:43,Act07
16:49:44,Idle
16:49:45,Idle
16:49:46,Idle
16:49:47,Idle
16:49:48,Act07
16:49:49,Act07
16:49:50,Idle
16:49:51,Idle
16:49:52,Act07
16:49:53,Act07
16:49:54,Act07
16:49:55,Act07
16:49:56,Act22
16:49:57,Act22
16:49:58,Act07
16:49:59,Act07
16:50:00,Act07
16:50:01,Act22
16:50:02,Act22
16:50:03,Act22
16:50:04,Act07
16:50:05,Act07
16:50:06,Act07
16:50:07,Act07
16:50:08,Act07
16:50:09,Act07
16:50:10,Act07
16:50:11,Act07
16:50:12,Act07
16:50:13,Act07
16:50:14,Act07
16:50:15,Act07
16:50:16,Act07
16:50:17,Act07
16:50:18,Act22
16:50:19,Act07
16:50:20,Act07
16:50:21,Act07
16:50:22,Act07
16:50:23,Act07
16:50:24,Act07
16:50:25,Act07
16:50:26,Act07
16:50:27,Act17
16:50:28,Act17
16:50:29,Act17
16:50:30,Act07
16:50:31,Act07
16:50:32,Act07
16:50:33,Act07
16:50:34,Act07
16:50:35,Act07
16:50:36,Act07
16:50:37,Act07
16:50:38,Act07
16:50:39,Act07
16:50:40,Act07
16:50:41,Act07
16:50:42,Act07
16:50:43,Act07
16:50:44,Act07
16:50:45,Act07
16:50:46,Act07
16:50:47,Act07
16:50:48,Act07
16:50:49,Act07
16:50:50,Act07
16:50:51,Act07
16:50:52,Act07
16:50:53,Act07
16:50:54,Act07
16:50:55,Act07
16:50:56,Act07
16:50:57,Act07
16:50:58,Act07
16:50:59,Act07
16:51:00,Act07
16:51:01,Act07
16:51:02,Act07
16:51:03,Act07
16:51:04,Act07
16:51:05,Act07
16:51:06,Act07
16:51:07,Act07
16:51:08,Act07
16:51:09,Act07
16:51:10,Act07
16:51:11,Act07
16:51:12,Act17
16:51:13,Act17
16:51:14,Act07
16:51:15,Act07
16:51:16,Act07
16:51:17,Act07
16:51:18,Act07
16:51:19,Act07
16:51:20,Act07
16:51:21,Act07
16:51:22,Act07
16:51:23,Act07
16:51:24,Act07
16:51:25,Act07
16:51:26,Act07
16:51:27,Act07
16:51:28,Act07
16:51:29,Act07
16:51:30,Act07
16:51:31,Act07
16:51:32,Act07
16:51:33,Act07
16:51:34,Act07
16:51:35,Act07
16:51:36,Act07
16:51:37,Act07
16:51:38,Act07
16:51:39,Act07
16:51:40,Act07
16:51:41,Act07
16:51:42,Act07
16:51:43,Act07
16:51:44,Act07
16:51:45,Act07
